year,zcta,population
2021,75201,17491
2022,75201,17985
2023,75201,18078
2024,75201,18345
2021,75202,2212
2022,75202,2421
2023,75202,2744
2024,75202,2892
2021,75203,16455
2022,75203,16265
2023,75203,15710
2024,75203,15775
2021,75204,31860
2022,75204,31627
2023,75204,33552
2024,75204,34666
2021,75205,24804
2022,75205,25212
2023,75205,25537
2024,75205,26572
2021,75206,38209
2022,75206,38432
2023,75206,38795
2024,75206,38909
2021,75207,8163
2022,75207,8029
2023,75207,7850
2024,75207,8287
2021,75208,29941
2022,75208,29992
2023,75208,29310
2024,75208,29367
2021,75209,14205
2022,75209,14208
2023,75209,14359
2024,75209,14211
2021,75210,9270
2022,75210,8750
2023,75210,7458
2024,75210,7722
2021,75211,75213
2022,75211,73948
2023,75211,72389
2024,75211,73534
2021,75212,26673
2022,75212,27045
2023,75212,28010
2024,75212,28259
2021,75214,33621
2022,75214,34015
2023,75214,35006
2024,75214,34274
2021,75215,17960
2022,75215,18950
2023,75215,18840
2024,75215,18895
2021,75216,55108
2022,75216,55085
2023,75216,54556
2024,75216,55894
2021,75217,87767
2022,75217,87154
2023,75217,84578
2024,75217,85028
2021,75218,21355
2022,75218,21393
2023,75218,22028
2024,75218,22544
2021,75219,24100
2022,75219,24797
2023,75219,25001
2024,75219,23934
2021,75220,40671
2022,75220,40327
2023,75220,39809
2024,75220,40239
2021,75223,14270
2022,75223,13174
2023,75223,11875
2024,75223,11994
2021,75224,36373
2022,75224,35903
2023,75224,35452
2024,75224,35105
2021,75225,21703
2022,75225,21965
2023,75225,22383
2024,75225,22237
2021,75226,5133
2022,75226,5108
2023,75226,5010
2024,75226,5199
2021,75227,58395
2022,75227,58315
2023,75227,57087
2024,75227,58319
2021,75228,71450
2022,75228,68472
2023,75228,69288
2024,75228,67714
2021,75229,32924
2022,75229,32885
2023,75229,33924
2024,75229,33656
2021,75230,26335
2022,75230,26503
2023,75230,26695
2024,75230,27763
2021,75231,38823
2022,75231,39158
2023,75231,37695
2024,75231,38370
2021,75232,33561
2022,75232,33333
2023,75232,32967
2024,75232,32972
2021,75233,16743
2022,75233,15876
2023,75233,15775
2024,75233,14867
2021,75234,32728
2022,75234,33838
2023,75234,32998
2024,75234,32961
2021,75235,19042
2022,75235,18936
2023,75235,19067
2024,75235,19637
2021,75236,17545
2022,75236,18249
2023,75236,19522
2024,75236,18963
2021,75237,18823
2022,75237,19530
2023,75237,18744
2024,75237,18260
2021,75238,31953
2022,75238,32180
2023,75238,33439
2024,75238,33199
2021,75240,26442
2022,75240,26058
2023,75240,24718
2024,75240,25290
2021,75241,31749
2022,75241,33081
2023,75241,33598
2024,75241,33840
2021,75243,65118
2022,75243,63047
2023,75243,63907
2024,75243,63481
2021,75244,12806
2022,75244,12734
2023,75244,13105
2024,75244,13389
2021,75246,2307
2022,75246,2265
2023,75246,2487
2024,75246,2286
2021,75247,870
2022,75247,992
2023,75247,833
2024,75247,627
2021,75248,36317
2022,75248,37282
2023,75248,37644
2024,75248,38459
2021,75249,17629
2022,75249,17853
2023,75249,17043
2024,75249,16447
2021,75251,3804
2022,75251,3801
2023,75251,3529
2024,75251,3525
2021,75252,27310
2022,75252,27541
2023,75252,28500
2024,75252,28618
2021,75253,24090
2022,75253,24411
2023,75253,23822
2024,75253,24395
2021,75254,24047
2022,75254,24316
2023,75254,24737
2024,75254,25050
